ILMN_1651296,ILMN_1654609,ILMN_1655864,ILMN_1657898,ILMN_1660357,ILMN_1667500,ILMN_1670218,ILMN_1670638,ILMN_1671005,ILMN_1677756,ILMN_1679045,ILMN_1687526,ILMN_1693635,ILMN_1698404,ILMN_1701962,ILMN_1704335,ILMN_1706859,ILMN_1707631,ILMN_1713189,ILMN_1713764,ILMN_1715771,ILMN_1725707,ILMN_1729832,ILMN_1732141,ILMN_1740875,ILMN_1745788,ILMN_1755643,ILMN_1755911,ILMN_1758687,ILMN_1762080,ILMN_1763364,ILMN_1765725,ILMN_1767168,ILMN_1768391,ILMN_1772796,ILMN_1775304,ILMN_1780334,ILMN_1785732,ILMN_1794233,ILMN_1798706,ILMN_1804988,ILMN_1805111,ILMN_1812970,ILMN_1852793,ILMN_1875248,ILMN_2082762,ILMN_2159384,ILMN_2203896,ILMN_2272857,ILMN_2359627,Results
9.379,13.16,9.1206,8.9263,9.5279,8.4448,11.3745,11.0382,11.431,9.9916,12.7799,9.5725,9.5473,11.3078,9.0516,9.4571,10.0812,12.4534,12.0266,7.9901,8.1313,10.5066,9.5516,8.212,8.8762,10.7768,11.2864,8.5827,9.3814,8.8416,10.62,10.1923,9.1624,11.0679,11.6673,11.6864,7.8384,8.3067,8.8507,13.0907,11.4931,8.7189,8.9913,11.5808,8.265,11.1457,9.7306,10.5498,9.456,8.4001,control
9.3431,13.6183,9.662,8.6274,9.5668,8.3387,11.7645,11.438,12.1278,10.5783,12.7653,9.5859,9.3953,11.4698,9.2065,9.0469,10.6235,12.5379,12.4863,8.0947,8.0411,11.0485,10.2408,8.3052,8.464,9.7759,11.6112,8.5797,9.4561,9.0616,10.6084,10.4112,9.1364,10.755,11.9696,11.9138,7.9872,8.2618,8.7934,12.5485,11.7038,8.6977,9.1648,12.2897,8.7945,11.7188,9.8929,10.6225,9.52,8.7299,control
8.7567,12.5893,8.9047,8.3385,8.6186,8.0199,10.2609,9.5454,10.5202,9.3776,11.7938,9.1329,8.8758,9.8544,8.3497,8.3345,9.4349,11.1351,11.1173,8.0296,8.0564,9.667,8.831,8.0078,8.0767,8.4187,10.1093,8.5216,8.852,8.2092,9.5347,9.6691,9.0568,9.2285,10.933,10.9197,7.8565,8.0646,8.6468,11.4254,10.1673,8.0117,8.4208,10.819,8.5512,10.8772,8.9173,9.1936,8.6917,8.3184,control
8.7806,12.4219,8.7785,8.2053,8.4064,8.0968,10.1913,9.4288,10.2085,8.4853,11.5754,8.9398,8.751,9.7733,8.5285,8.4016,9.3955,11.2945,10.9425,8.1067,7.8896,9.6919,8.3859,8.1243,8.1651,9.2868,9.9179,8.5182,8.772,8.1681,8.7864,9.3236,8.7428,9.1833,10.9097,10.465,8.0362,8.1045,8.4454,11.5368,10.358,8.0544,8.2253,10.4764,8.4394,10.2786,8.8102,9.2249,8.721,8.3509,control
8.5279,12.0954,8.4493,8.2168,8.4192,8.1602,10.0457,9.382,10.114,8.5531,11.0947,8.7135,8.9303,10.0616,8.4029,8.2367,9.0028,11.0509,10.7445,8.094,7.9563,9.635,8.2279,8.0249,8.117,9.1274,9.6725,8.4635,8.8086,8.0267,8.7127,9.1816,8.6005,9.2398,10.845,10.2487,8.1085,8.2295,8.5345,11.1947,9.8385,7.9513,8.029,10.4831,8.4529,10.1435,8.7016,9.2346,8.6942,8.4,control
9.4637,13.8119,9.5994,9.6266,9.7631,8.4147,12.0419,10.6291,11.7794,9.9247,13.2893,10.3205,10.1727,11.5984,9.3179,9.3778,10.6829,12.6295,12.9027,7.9498,8.3045,10.9066,9.6759,8.4114,8.0791,8.3539,11.6374,8.6427,9.6383,9.9441,10.5635,10.9885,9.1026,10.9218,12.653,12.34,7.8924,8.0074,9.3715,13.9191,11.3721,8.4786,8.9484,12.6987,9.2634,11.6079,10.189,11.2931,9.3868,9.2023,control
9.7763,13.8107,10.1275,8.9326,10.1456,8.4746,11.9887,10.7463,12.186,10.1213,13.3487,10.2358,9.9232,11.5151,9.3068,9.3392,10.6339,12.6389,13.062,7.8825,8.1181,10.8712,9.7752,8.1257,8.2751,8.899,11.7888,8.6635,9.6011,9.2771,10.9091,10.7335,9.1635,10.8318,12.8419,12.1561,7.9468,8.0065,9.398,13.6367,11.9112,8.7586,8.975,12.7146,9.4392,12.0124,10.1055,11.2648,9.6738,9.0168,control
9.647,13.864,10.0393,8.9288,9.9524,8.4005,11.7058,11.0838,12.0184,9.9221,13.7922,10.5462,10.1579,11.4987,9.2301,9.3077,10.7475,12.6803,13.4245,7.9065,8.2497,11.0112,9.9871,8.4032,8.1628,9.1076,11.7903,8.8434,9.62,9.3272,10.4431,10.9311,9.1494,11.1017,12.5444,12.1914,7.9128,8.0654,9.1228,13.8544,12.1611,8.8378,9.1673,12.604,9.454,11.8227,10.3792,11.1937,10.1498,9.2123,control
9.8228,13.2649,9.517,8.7334,9.7991,8.6118,11.3393,10.9376,12.4753,9.9468,13.1333,9.848,9.684,11.4152,8.9411,9.206,9.8994,12.2872,12.457,7.8655,8.2799,11.0492,9.9044,8.0263,8.5889,9.3019,11.3195,8.9394,9.6099,9.2553,10.41,11.0389,9.1529,10.6603,12.034,11.8916,8.024,8.4802,9.3981,13.4283,11.4347,8.8709,9.1019,12.0147,8.9888,11.3282,10.426,11.4515,9.4886,8.7966,control
9.134,13.4463,9.5554,8.6677,9.6066,8.6166,11.1011,11.1201,11.8508,9.9659,13.2421,9.8372,9.6297,11.3144,8.84,9.5949,10.1743,12.4605,12.7609,7.8256,7.9356,10.5934,10.0856,8.3088,8.2497,9.1337,11.4786,8.8327,9.2458,8.8768,10.3583,11.0505,9.2415,10.6131,12.1954,12.3203,7.8895,8.0275,9.0703,13.4554,11.9091,8.7521,9.2663,11.8725,9.2211,11.728,10.2874,10.3708,9.3544,8.5621,control
8.9184,12.0131,8.4361,8.2297,8.7909,8.1242,10.1961,9.6023,10.1461,9.2969,11.1202,8.7239,8.7847,9.986,8.3926,8.471,8.8278,11.0549,11.1065,8.08,7.9637,9.7076,8.6085,8.0286,8.2563,8.6599,9.6626,8.629,8.9206,8.1067,9.4885,9.5572,8.7752,9.2781,10.8434,10.724,7.822,8.1009,8.7466,11.4152,10.2304,8.1496,8.3977,10.5618,8.6941,10.4801,8.7943,9.3446,8.5514,8.345,control
9.5538,13.0636,9.3824,8.2722,9.31,8.6558,11.3263,10.4323,12.1186,9.5053,12.4522,9.6535,9.1667,11.3445,8.8826,9.6236,9.8238,12.2222,12.092,8.371,8.0696,10.6632,10.4329,8.1286,9.0375,10.3271,10.9791,8.7026,9.1977,8.8643,9.5948,10.4114,8.8314,9.9552,11.5138,11.4805,8.4227,8.1162,9.5409,12.8615,11.067,8.5689,9.0832,11.7344,8.4123,11.2997,9.5994,10.4098,9.1548,8.671,control
9.538,13.4202,9.6012,8.441,9.4289,8.6695,11.4882,10.6611,11.4936,10.2841,13.3389,9.7669,9.7811,11.3378,8.9607,9.7882,10.0071,12.5032,12.5352,7.9805,8.2159,10.6046,9.8872,8.0944,8.7564,9.3551,11.4728,8.9629,9.5969,8.9683,10.1808,10.8747,9.0876,10.0323,11.8309,11.9212,7.8905,8.5901,9.028,13.2771,11.9363,8.413,9.4884,11.9354,8.6665,11.7494,9.9786,10.4371,9.4603,8.5887,control
9.3161,12.4412,9.1879,8.6512,9.3433,8.3303,10.5456,9.9949,11.1606,9.4824,12.0852,9.1675,8.9119,9.9403,8.5982,8.891,9.4371,11.3243,11.8764,7.9983,8.0236,9.6789,9.1011,8.1798,7.7958,8.2285,10.7158,8.7025,8.8863,9.0336,10.0543,10.2644,8.8901,9.9926,11.2626,11.0177,7.9013,8.0724,9.2006,12.7081,10.7231,8.6238,8.8572,11.6393,8.7606,10.8562,9.6459,11.2898,8.891,8.7053,control
9.9958,13.6865,10.1974,8.9968,10.2548,8.5933,12.1318,10.927,11.9538,10.2955,13.4026,10.2355,10.4899,11.2756,9.1309,9.4102,10.3814,12.539,12.9851,8.0167,8.1619,10.7544,10.1151,8.112,8.1259,8.6143,12.4351,9.1438,9.3444,9.9577,10.8498,11.1793,9.1942,11.2834,12.7361,12.498,8.0329,8.2248,9.4174,14.407,11.9286,8.9906,9.2998,12.5292,9.1433,11.9896,10.342,11.8304,9.7305,9.037,control
10.165,13.7142,9.6173,8.9907,10.438,8.647,11.7245,11.0621,11.9259,10.5711,13.2186,9.7451,10.0688,11.4856,9.0719,9.2421,10.5009,12.4452,12.7039,7.9036,8.3229,11.1388,9.966,8.2048,8.2859,8.7696,11.5953,8.9988,9.7123,9.6303,10.8248,10.5735,8.98,11.2444,12.5691,12.0669,7.962,8.0732,9.946,14.1558,11.6368,9.0007,9.1914,12.2876,8.7577,11.7065,9.8354,11.5149,9.5892,9.0091,control
10.0389,13.9978,9.6506,9.2264,10.1776,8.7168,11.9181,10.9003,12.0802,10.3037,13.6316,10.1258,10.6766,11.2247,9.3156,9.291,10.486,12.2742,13.0663,7.8989,8.1262,10.9578,10.1206,8.161,8.4449,8.9797,12.0512,9.2415,9.7663,9.9155,10.6615,10.8943,9.4616,10.9454,12.9193,12.9686,7.9353,8.2084,9.3304,14.3471,12.0439,9.1537,9.2961,12.6192,9.0458,12.4349,10.4337,11.3814,10.0567,9.1349,control
9.6559,13.6577,9.7563,8.8602,10.0413,8.5865,11.6948,10.9118,11.7925,10.3077,13.1119,9.8861,9.6997,11.0242,9.0389,8.9877,10.6938,12.3643,12.7801,7.9077,8.1378,10.8278,9.9484,8.1835,8.3476,9.0874,11.9787,9.0001,9.2358,9.5947,10.7116,10.7415,9.1641,10.558,12.6002,12.0125,8.2522,8.1885,9.3676,13.7355,11.637,8.8937,9.2473,12.6339,9.005,11.8195,10.1197,12.0169,9.2904,8.893,control
9.5701,13.8342,9.2376,9.2893,9.9966,8.5069,11.721,10.8557,12.0145,10.0655,13.2816,9.9438,10.2066,11.1973,9.0887,8.9952,10.3585,12.0348,12.6168,8,8.0344,10.887,9.8209,8.3315,8.2114,8.1773,11.4502,8.859,9.6242,9.7788,10.4547,11.1049,8.9558,11.2256,12.8198,12.1493,7.7783,7.9944,9.6618,13.5669,11.9892,8.5713,9.0862,12.672,8.9474,12.0045,10.3654,12.5129,9.3217,9.1452,control
10.06,13.788,9.4569,9.2954,10.0144,8.6408,12.0921,11.4992,11.9644,10.0256,13.1935,10.0796,10.0713,11.517,9.0478,9.21,10.4748,12.6163,12.9704,7.9276,8.2651,10.8818,10.2456,8.6246,8.4733,8.5869,11.7604,9.2098,9.4896,9.995,10.4355,10.9123,9.619,10.8998,12.6901,12.7448,8.0662,7.8858,9.321,13.9631,11.9195,8.8617,9.2765,12.8444,9.1304,12.1184,10.2484,11.5272,9.9812,9.9094,control
9.5852,13.6897,9.4344,8.8807,9.9845,8.5773,11.6511,10.5052,11.655,10.4917,12.7882,9.9206,9.8418,11.4797,9.2087,9.3939,10.1729,12.1118,12.5683,7.9106,8.2408,10.873,9.8011,8.1767,8.2308,8.7247,11.6832,9.1432,9.4867,9.5068,11.0978,10.6508,8.7583,10.9632,12.5509,11.7297,8.0253,7.9554,9.7662,13.6082,11.1145,8.9938,9.181,12.6887,9.1855,11.8286,10.313,11.6423,9.6392,9.5644,control
10.1088,13.6571,10.2318,8.6456,10.6588,9.2356,11.7832,11.0924,11.9082,10.7093,13.3969,10.0034,10.4318,11.0452,9.4184,9.4801,10.3017,12.4188,12.8862,8.2711,8.1195,11.0997,10.491,8.104,8.5807,8.6177,12.6561,9.1634,10.1602,10.3282,11.0299,11.1351,9.2836,11.1118,11.9849,12.2117,7.9789,8.1213,9.4628,13.9594,12.3367,8.9395,9.3208,13.1107,9.2886,12.2045,10.2341,13.0618,9.4734,9.18,control
9.936,13.6274,9.3628,8.8117,9.9046,8.7436,11.4821,10.6398,11.8014,9.8371,12.7944,9.712,9.7218,11.0043,9.1192,9.1715,10.2806,12.2995,12.8266,7.9544,8.2001,10.8822,9.651,8.2981,8.5297,8.3922,11.6284,8.7504,9.7612,9.3864,10.2754,10.3055,8.9636,10.7775,12.4097,11.4815,8.1122,7.9926,9.2626,13.5526,11.4705,8.3992,8.9674,12.6881,9.1076,11.3614,9.8699,12.2234,9.1578,9.3624,control
9.3645,12.2514,9.042,8.5245,9.3891,8.3921,10.187,9.8688,10.8168,9.9463,11.9921,8.8957,9.7864,9.821,8.5192,8.635,9.5848,11.076,11.7937,8.0764,8.0273,10.2916,8.9044,8.0447,7.7911,8.1933,11.0044,8.7658,9.5053,9.2276,10.1203,9.8635,8.9031,10.1615,11.0653,11.561,7.8885,8.0011,9.1572,12.5732,10.4682,8.1734,8.5473,11.4371,8.6527,10.7811,9.2277,10.5205,8.7421,8.4549,control
9.9032,13.6375,9.7789,9.0063,9.9243,8.6013,11.57,10.4437,11.6112,10.4096,13.3315,9.8325,10.2215,11.0189,9.2007,9.1928,10.4882,12.2317,12.9477,7.8875,8.3079,10.9548,9.9264,8.0659,8.186,8.5514,11.6267,8.8399,10.0521,9.7346,10.8173,10.8688,9.0415,11.1104,12.3338,12.4225,7.9929,8.0341,9.2344,13.717,11.8665,8.7478,9.0653,12.4161,8.8915,11.9934,10.1667,11.1378,9.6199,9.121,control
9.5775,13.8426,9.9246,9.353,9.7429,9.0737,12.1683,10.8477,11.7771,11.0041,13.3197,9.9188,10.5345,11.4148,9.2692,9.6705,10.5812,12.7606,13.155,8.0947,8.1675,11.0528,10.4417,8.4664,8.1174,8.7815,12.3721,9.0242,10.1232,9.8046,11.2131,10.9937,9.5697,10.7193,12.2323,12.5634,7.9435,8.128,9.5345,13.7295,12.0418,8.9666,9.8604,12.7658,8.8947,12.4185,10.084,11.4816,9.8608,9.1537,control
10.3911,13.595,10.3724,9.0403,9.8674,9.0402,11.6549,10.9399,12.1153,10.4244,13.5816,10.1953,10.6769,11.194,9.7399,9.4672,10.6885,12.8863,13.3286,7.7375,8.209,11.875,10.6736,8.2624,8.1607,8.5522,11.8364,8.9441,10.1643,10.0036,11.143,10.8684,9.3266,11.3316,12.7194,12.182,7.8142,7.9505,9.3272,13.6581,12.366,8.8906,9.2076,13.2825,9.53,11.5918,10.2755,12.4579,9.5735,9.0662,control
9.5928,13.724,9.8274,9.2004,9.8915,8.7118,11.6097,10.9643,11.7523,10.5009,12.9463,9.5826,9.9737,10.8354,9.1137,9.1138,10.1477,12.1536,12.426,7.7872,8.17,11.0444,10.2878,8.1187,8.423,8.6657,11.5372,9.0385,9.6654,9.4295,10.3119,10.7403,9.0021,10.2664,12.367,12.0171,8.1388,7.9485,9.3637,13.2717,11.6742,8.7416,9.4576,12.6518,9.1161,11.9623,9.9652,11.2435,9.4814,9.0617,control
8.7435,12.1951,9.0384,8.2395,8.9138,8.2917,9.9951,9.3687,10.5888,9.6889,11.7913,8.9117,8.8334,9.7838,8.3847,8.4135,9.4772,10.9593,11.4003,8.0917,8.088,9.6867,9.1692,8.1208,8.1244,8.4522,10.723,8.5342,8.9132,8.5805,9.6394,9.7628,8.9011,9.4892,10.7938,10.7041,8.0019,8.0929,8.8552,12.1008,10.4089,8.5591,8.3386,10.8689,8.5145,10.4858,9.0855,9.8006,8.7426,8.516,control
9.6769,13.4973,10.108,9.0521,9.7846,8.6948,11.5915,10.8233,11.9023,10.6194,12.9335,10.0187,9.8575,10.822,9.392,9.3377,10.4068,12.1594,12.3739,7.9314,8.0509,10.8797,10.482,8.2606,8.5038,8.7006,11.4326,9.0869,9.9948,9.6394,10.157,10.7175,8.8916,10.0962,12.0042,11.8883,8.0716,7.9243,9.3181,13.6002,11.5346,8.8858,9.2736,12.3044,8.7909,11.9709,9.9621,11.6437,9.6216,9.0844,control
9.4283,13.6375,9.7252,8.9817,9.7436,8.5952,12.015,10.9283,11.6351,10.427,13.3866,10.0776,10.0928,10.6696,9.2771,9.2813,10.2131,12.2139,12.5887,8.0322,8.2314,10.6278,10.1043,8.1422,8.9398,9.0702,11.598,9.0445,9.8721,9.3652,10.1946,11.1117,9.1192,10.2142,12.1036,12.3399,8.3086,8.1311,9.4962,13.6621,11.8502,8.7896,9.3845,12.5231,8.8171,12.1058,10.0259,11.5127,9.5467,9.0741,control
9.203,13.0452,8.3282,8.5423,9.1324,8.379,11.4151,10.4241,10.9031,9.4584,12.4284,9.2538,9.179,11.3594,8.4635,8.651,9.4115,12.1358,11.496,8.3713,7.9871,10.5328,9.125,8.1308,9.8709,10.9963,10.3331,8.574,8.6326,8.4387,10.1328,10.0359,8.5577,9.8013,11.8321,11.4253,8.73,8.7938,8.7851,12.6904,11.0891,8.4064,8.117,11.0789,8.381,10.8827,9.529,9.925,8.8303,8.6488,control
9.2065,13.8425,9.8276,8.5477,9.4548,8.3423,12.0618,11.2841,11.9447,10.3869,13.1135,9.6748,9.8796,11.7762,9.0152,9.6698,10.5912,12.6793,12.6413,8.1449,7.8956,10.7339,10.2012,8.3572,9.7659,10.3842,11.7632,9.2902,8.911,8.8856,10.3307,10.4321,9.3599,10.995,12.1785,12.3162,8.3878,8.4365,8.8409,14.0962,12.1848,8.8895,9.0784,12.0169,8.9023,11.6846,9.9492,10.7436,9.4657,8.5931,control
8.7468,12.0872,8.5288,8.1702,8.4834,8.0749,10.4983,9.2717,10.132,8.4771,11.3864,8.8661,8.8134,9.9914,8.2774,8.2346,9.2974,10.9777,11.0066,8.0545,7.9575,9.6288,8.4594,7.9119,8.2672,8.9666,9.6208,8.3796,8.662,8.0236,8.8071,9.469,8.54,9.2113,10.5813,10.156,7.8612,8.1019,8.3962,11.4624,10.0817,8.0316,8.1341,10.5507,8.4844,9.9877,8.8544,9.0935,8.6211,8.3707,control
9.184,13.0576,9.1429,8.2081,9.0631,8.3623,11.1499,10.6309,11.2888,9.9989,12.6832,9.2832,9.4681,11.4236,9.1051,9.8058,10.1007,12.2587,12.0851,8.0792,8.1328,10.4623,10.017,8.7592,8.6126,9.9641,10.8298,8.8132,9.203,8.6101,10.3531,10.423,8.8455,9.9685,11.8278,11.5221,8.1335,8.2085,8.7521,12.477,11.3903,8.4343,8.7788,11.7792,8.6947,11.5861,9.6,10.3959,9.2737,8.4741,control
9.2969,13.1646,9.5006,8.3851,9.343,8.4429,11.2881,10.8267,11.917,9.8482,12.7615,9.349,9.0466,11.13,8.8684,9.1048,9.9709,12.144,12.416,7.988,8.0589,10.4687,9.9226,8.1747,9.1066,9.9974,11.0543,8.7664,9.3165,8.7448,10.0587,10.308,8.4626,9.8861,11.8558,11.5362,8.2257,8.3132,8.8146,12.5986,11.1302,8.8096,8.7371,11.6184,8.3806,10.8934,9.8803,10.5423,9.3252,8.9649,control
9.4121,13.537,9.4386,8.5805,9.5342,8.3505,11.1957,11.3517,11.6229,10.1166,12.4913,10.1587,9.748,11.2982,9.0507,9.197,9.4663,12.0572,11.481,7.9563,8.2028,10.2866,9.7761,8.3006,10.2874,9.8787,11.3575,8.7226,9.5273,8.722,10.2423,10.2161,8.9516,10.4936,11.6921,11.5774,8.1454,10.1542,9.2292,12.8741,11.9767,8.8298,9.0628,11.9157,8.2557,11.4019,9.7056,10.4951,9.5134,8.7365,control
9.234,13.3822,9.1092,8.5531,9.3062,8.2702,11.5386,10.9442,11.8922,9.9481,12.6351,9.3627,9.0793,11.4741,9.102,9.3738,10.3083,12.2924,11.9573,8.2331,7.9601,10.7858,9.6111,8.1228,9.5222,11.3574,11.1438,8.8486,9.3097,8.7293,10.1965,10.1006,8.6669,10.6995,11.8562,11.4495,8.2993,8.5955,8.8082,12.2736,11.7237,8.5787,8.6614,11.5453,8.5069,11.1612,9.7493,10.7092,9.3728,8.5427,control
8.3761,12.0826,8.4004,8.2557,8.3952,8.2053,9.2653,9.4997,10.0821,8.841,10.9722,8.5841,8.374,9.7278,8.432,8.2664,9.1459,10.9556,10.189,8.0747,7.9656,9.4498,8.4973,7.8528,8.2479,9.2347,9.4563,8.5743,8.6338,8.2022,8.946,9.1305,8.6203,8.9871,10.0826,9.9348,7.8865,8.0801,8.4328,10.7775,9.662,7.9788,8.1121,10.3566,8.2873,10.1612,8.4931,8.5412,8.6159,8.1625,control
8.7319,12.6566,8.4138,8.3664,8.8502,8.3186,10.582,10.3888,11.1024,9.4027,11.5947,8.896,8.9062,10.7648,8.4025,8.2929,9.3762,11.8323,11.7262,8.8482,7.8238,10.6003,8.9286,7.7522,11.1221,11.8247,9.9366,8.505,8.4604,8.3841,10.0697,9.3211,8.4995,9.4492,10.5287,10.888,10.0915,9.6025,8.3297,11.9536,10.7401,8.3967,8.1279,10.8028,7.927,9.9116,9.138,9.7641,8.7261,8.3811,control
9.2068,13.2603,9.332,8.732,9.4016,8.3087,11.5111,10.9295,11.7319,9.8527,13.0401,9.6004,9.6484,11.218,8.982,9.0199,10.1731,12.3258,12.1153,8.1494,8.2551,10.7724,9.3826,8.0917,8.6825,9.6395,11.0892,8.6632,9.2001,8.982,10.1189,10.2926,9.2731,10.539,11.5046,11.8776,7.8966,8.2717,8.6962,13.4346,11.3612,8.2695,8.6449,11.4043,8.9032,11.3184,9.7502,10.474,9.4209,8.5645,control
9.2649,13.1917,9.1763,8.4578,9.1953,8.6174,11.6162,10.5798,11.3661,9.6742,12.5325,9.4398,9.0564,10.6246,9.0092,9.5393,10.0721,11.9044,11.7328,8.2836,7.9616,10.5926,9.3455,8.1458,9.1914,10.3268,11.0423,8.8125,9.2799,8.6734,8.7868,9.7145,8.1463,10.2784,11.3164,11.3777,8.2032,8.4792,8.6196,13.0058,11.6061,8.1668,8.491,11.4401,8.4731,11.1457,8.7714,10.2147,9.7166,8.4934,Idiopathic Pulmonary Arterial Hypertension
9.2298,13.1771,8.9436,8.6233,9.6543,8.2437,10.8809,10.2114,10.7061,10.0008,12.2562,9.4936,9.374,11.1114,9.2059,8.4962,9.8716,12.0524,12.1874,7.9742,7.9111,10.1963,9.2335,7.8053,9.2142,10.5304,10.5005,8.7497,8.9352,8.5462,10.2061,10.2698,8.688,10.054,11.8411,11.3839,8.0128,8.2851,8.9105,12.3841,10.9018,8.5786,8.7184,11.4231,8.6334,11.0146,9.6254,9.7575,9.0138,8.4763,Idiopathic Pulmonary Arterial Hypertension
8.9499,12.6416,8.6801,7.8714,8.7499,8.1492,10.6182,9.904,10.3414,9.0842,12.0596,8.9768,9.1121,10.8434,8.3811,8.4929,9.3197,11.3482,11.1466,8.3894,7.6333,10.1852,8.8722,7.9245,10.4676,10.9137,10.3703,8.3021,8.6619,8.2064,9.2821,9.8512,8.4475,9.2142,10.7852,10.7994,9.5422,9.4267,8.5536,12.4379,10.4351,8.1163,8.2685,10.8986,8.1826,10.2095,9.1017,10.0552,8.6303,8.294,Idiopathic Pulmonary Arterial Hypertension
8.5127,11.332,8.4126,8.0684,8.3582,8.2138,9.3812,8.9477,10.0876,8.54,10.813,8.4501,8.4678,10.1841,8.2688,8.228,8.5845,10.4097,10.1941,8.0588,7.8852,9.2743,8.6865,7.867,9.1079,8.936,9.5351,8.4189,8.7975,8.1458,8.5395,9.0343,8.4831,8.8318,10.0358,9.7711,8.4343,8.5196,8.6227,11.1034,9.3699,8.0421,8.0375,9.8547,8.1886,9.8217,8.4745,8.9932,8.561,8.2656,Idiopathic Pulmonary Arterial Hypertension
8.3702,11.6887,8.3119,8.0254,8.3367,8.0006,9.8659,9.3127,9.7372,8.3139,10.9368,8.3242,8.4477,9.6516,8.1784,8.1895,8.823,10.8149,10.2357,8.2728,7.969,9.5611,8.3465,7.9305,8.9396,9.9438,9.1112,8.5725,8.6293,7.9581,8.453,8.927,8.4793,8.9204,9.9685,9.7877,8.3233,8.3068,8.4134,10.9611,9.4255,7.9115,7.978,10.0256,8.2181,9.7959,8.408,8.9202,8.6732,8.3231,Idiopathic Pulmonary Arterial Hypertension
8.2418,11.4027,7.8678,8.1232,8.2073,7.9949,8.9624,9.0577,9.5368,8.2726,10.4096,8.5032,8.4079,9.3436,8.1961,7.9788,8.6002,10.2349,10.1331,8.3779,7.8206,9.4719,8.2134,7.8447,8.9869,9.5777,9.0625,8.4182,8.5266,8.0154,8.4,9.1441,8.5569,8.7341,9.5887,9.5291,8.6112,8.5156,8.4425,10.3829,9.1702,7.883,7.9518,9.7616,8.15,9.5393,8.3163,8.6646,8.4725,8.1326,Idiopathic Pulmonary Arterial Hypertension
8.3864,11.6724,8.3735,8.0718,8.2191,7.9904,9.34,9.301,9.5018,8.5397,10.6702,8.5244,8.7325,9.4632,8.255,8.2277,8.788,10.5743,10.3205,8.2159,7.8733,9.5094,8.108,7.8606,8.8135,9.9878,9.3061,8.541,8.5956,7.9621,9.147,9.1888,8.8283,8.7523,9.8122,9.9022,8.3901,8.2297,8.4142,11.1536,9.4732,8.0861,8.0201,9.9353,8.1915,9.7,8.5251,8.7452,8.5521,8.1737,Idiopathic Pulmonary Arterial Hypertension
8.5949,12.7073,8.3185,8.1111,8.9372,8.0523,11.0324,10.2107,10.5668,8.6853,11.7227,8.9865,8.7602,10.7169,8.4837,8.3128,9.2941,11.9584,11.3708,8.5596,7.9279,10.1062,8.9527,7.6839,10.5581,12.0965,9.8409,8.4165,8.4595,8.2833,8.9145,9.7947,8.2075,9.9463,10.6422,10.7404,9.5889,8.7244,8.5397,11.6828,10.7763,8.2651,8.1205,11.0105,8.1855,10.1702,8.9942,10.2695,8.8567,8.2369,Idiopathic Pulmonary Arterial Hypertension
8.6801,12.5727,8.3304,8.3234,8.9875,8.0353,10.8047,10.7313,11.1158,8.335,11.7092,9.008,9.0772,10.0031,8.7564,8.2246,9.5765,11.5583,11.6831,8.5941,7.8247,10.5781,8.9368,7.8345,10.6018,11.4719,9.8088,8.618,8.7549,8.3627,8.813,9.9197,8.4848,9.3498,10.5827,10.8665,9.3519,8.8382,8.5826,11.8843,10.8078,8.3008,8.1254,10.9451,8.0549,10.4466,9.1484,9.7114,8.7864,8.4813,Idiopathic Pulmonary Arterial Hypertension
8.1721,10.8728,8.023,7.9987,8.1642,8.202,8.6459,8.557,8.9364,8.2385,9.5602,8.4222,8.329,8.8063,8.0896,7.8859,8.1955,9.753,9.5395,8.1438,7.8731,9.0134,8.1763,7.9245,9.0844,8.8825,8.6408,8.3106,8.5065,8.0627,8.8453,8.7063,8.3082,8.3739,9.2804,8.8358,8.2141,8.3387,8.4917,9.5258,8.7794,7.8569,8.037,9.3486,8.0149,9.4404,8.0549,8.2459,8.3135,8.1218,Idiopathic Pulmonary Arterial Hypertension
8.4954,11.6365,8.2282,8.1405,8.442,8.031,9.1433,8.8974,9.4023,8.4358,10.5804,8.3851,8.6227,9.3541,8.184,8.0723,8.5318,10.6919,10.1682,8.1587,8.0046,9.386,8.0204,7.9653,8.3565,9.7333,9.3568,8.3561,8.6732,7.9491,8.9323,8.9564,8.5502,8.7875,9.7642,9.5599,8.2182,8.233,8.4911,10.3701,9.3159,7.8376,7.935,10.0929,8.1681,9.8009,8.353,8.8539,8.4261,8.2908,Idiopathic Pulmonary Arterial Hypertension
8.6789,12.6459,8.5978,8.2065,9.0034,7.8308,11.0517,10.6187,11.0087,9.7573,11.6543,8.5919,9.3194,11.0257,8.652,8.4212,9.2818,12.0443,11.4888,8.6558,7.8919,10.5269,9.0789,7.9221,9.8845,11.4341,10.2185,8.458,8.5692,8.2756,10.2701,9.3815,8.2976,9.8155,11.0502,10.4219,8.7486,8.8765,8.5773,11.5249,10.8681,8.3883,8.3168,11.3242,8.2913,10.7532,9.1545,10.3821,8.8049,8.149,Idiopathic Pulmonary Arterial Hypertension
8.9858,12.7996,9.0699,8.2659,9.0711,8.2083,10.5153,10.6988,11.0005,9.614,12.0315,9.156,9.2983,11.0009,8.6817,8.3103,9.6496,11.8615,11.6924,8.5233,7.8953,10.7573,9.1393,7.933,10.9092,11.7565,10.3539,8.739,8.7415,8.4739,10.2057,9.5406,8.4838,10.2362,10.6578,10.8405,9.5723,8.681,8.4086,12.4026,11.1928,8.5954,8.0891,10.9793,7.96,10.7281,9.248,10.4492,8.9413,8.2396,Idiopathic Pulmonary Arterial Hypertension
8.9786,12.1695,8.5388,8.2786,8.7704,8.2206,10.0119,10.2567,10.4699,8.8742,11.2062,8.759,8.9317,10.2646,8.5674,8.0739,9.2847,11.2614,11.472,8.5271,7.8698,10.2658,8.4218,7.7618,9.4622,11.5676,10.0599,8.2559,8.6205,8.2918,9.117,9.4299,8.4792,9.8303,10.197,10.4247,8.3477,8.4836,8.4815,11.6722,10.2845,8.3081,7.9789,10.6243,8.0263,10.0083,8.9527,10.1694,8.3704,7.7611,Idiopathic Pulmonary Arterial Hypertension
8.3286,10.9535,8.1613,8.0512,8.0769,8.1233,9.563,9.057,9.9258,8.4667,10.3974,8.4672,8.2381,9.5748,8.2399,8.0028,8.6554,10.2807,10.2328,8.4754,7.887,9.6363,8.3436,7.9091,10.2308,10.0949,9.3506,8.3438,8.5392,7.9944,8.7119,8.8109,8.3263,8.5333,9.3507,9.446,8.9936,9.4067,8.318,9.7931,9.5132,7.9117,7.9828,9.5522,8.1466,9.4806,8.1142,9.0748,8.3618,8.3455,Idiopathic Pulmonary Arterial Hypertension
8.3845,12.0385,8.1795,8.0531,8.47,8.143,10.3074,9.3862,10.3225,8.9075,11.2913,8.6395,9.5034,10.4264,8.4043,8.0344,8.7697,10.9908,10.777,8.3409,7.8092,9.962,8.4484,8.0024,9.1372,9.9795,9.3114,8.2992,8.6909,8.0909,9.4106,8.9882,8.3114,8.7521,10.4934,9.7873,8.7917,8.2398,8.2361,10.9675,9.7839,8.1952,7.9064,10.4096,8.0905,9.6206,8.8347,9.0611,8.473,8.2602,Idiopathic Pulmonary Arterial Hypertension
9.0703,12.9005,9.1695,8.1926,9.2857,8.115,11.0583,10.1568,10.7045,9.0783,12.3629,9.2159,9.4672,10.5633,8.4711,8.1543,9.5861,11.7937,11.4464,8.0471,7.9692,10.7238,8.2751,7.8261,9.5772,10.2603,10.2938,8.3566,9.186,8.184,9.5946,9.5075,8.9996,10.0046,10.7522,11.0011,9.3217,9.1419,8.3901,12.2105,10.9013,8.3764,8.1648,10.8756,8.6039,10.2241,9.1607,9.9953,8.9387,8.2218,Idiopathic Pulmonary Arterial Hypertension
8.8309,12.5929,8.7438,8.2523,8.7041,8.1364,11.02,9.7528,10.2881,8.7103,11.7313,8.7019,9.2425,10.6565,8.4808,8.3396,9.5279,11.4841,11.6235,8.1146,7.8971,10.3307,8.3564,7.8727,8.86,9.5241,10.0886,8.3349,9.1369,8.0693,9.5336,9.2715,8.6141,9.7495,11.0228,10.4904,8.0133,8.1776,8.4756,12.09,10.4571,8.1919,8.0135,10.9691,8.659,10.2069,9.0039,9.0114,8.6735,8.3904,Idiopathic Pulmonary Arterial Hypertension
8.8903,12.8575,8.8225,8.3071,8.9352,8.3303,10.4731,9.9509,10.3516,9.2651,11.8928,8.9421,9.386,10.4531,8.4653,8.2966,9.4619,11.8586,11.5574,8.3483,7.7672,10.3819,8.2834,7.9152,9.7309,10.6096,10.2068,8.5241,8.687,8.2503,9.2785,9.5211,8.3457,9.5705,10.797,10.716,8.8325,8.6178,8.5809,12.3707,10.4179,7.916,7.9005,11.0532,8.3486,10.3404,9.0388,10.0318,8.8364,8.0071,Idiopathic Pulmonary Arterial Hypertension
8.8376,13.0298,8.6726,8.2531,8.7446,8.2039,11.0291,10.1482,10.8714,9.0016,12.2581,8.8046,9.0471,11.1599,8.702,8.4748,9.871,11.7721,11.5344,8.3853,7.9059,10.3158,8.7441,7.8743,11.5455,11.0796,10.5936,8.4496,8.6455,8.5149,9.5658,9.7394,8.5376,9.7004,10.8193,11.1645,9.4434,10.3435,8.5399,12.4683,10.9483,8.1809,8.1025,11.196,8.4404,10.4046,9.1081,10.3206,8.8384,8.0089,Idiopathic Pulmonary Arterial Hypertension
8.526,11.8977,8.7651,8.144,8.7972,8.1414,9.8518,9.5315,10.2174,9.2233,11.2571,8.7928,8.6294,10.313,8.4559,8.3383,8.9561,10.9696,10.7952,8.1302,7.9492,9.6734,8.6721,7.8286,9.4053,9.6652,10.0087,8.3474,8.7364,8.233,9.101,9.3686,8.631,9.4551,10.3762,10.6513,8.4388,9.2033,8.7032,11.8762,10.3626,8.1402,8.2277,10.4789,8.3678,10.0132,8.7085,9.4942,8.5727,8.388,Idiopathic Pulmonary Arterial Hypertension
8.824,11.6689,8.3802,8.3113,8.5401,8.1604,9.7655,9.7971,10.3248,8.8772,11.3599,8.6441,8.5758,10.1653,8.4633,8.4662,9.1117,11.0971,11.0687,8.2176,7.9628,9.766,8.5484,7.959,9.6327,10.6765,9.9978,8.4507,8.7272,8.0162,9.1882,9.3877,8.3215,9.4904,10.3063,10.1957,8.4995,8.4992,8.5948,11.6804,10.1896,8.3534,8.1117,10.4543,8.1138,9.8121,8.6769,9.3446,8.72,8.311,Idiopathic Pulmonary Arterial Hypertension
8.8114,11.0643,8.0552,7.9687,8.354,8.1072,9.1726,9.1711,9.8188,8.9717,10.723,8.5268,8.2714,9.4195,8.3392,8.1924,8.556,10.3492,10.3188,8.337,7.8415,9.7122,8.5018,7.767,9.3969,10.4235,9.1231,8.4008,8.6593,7.9799,8.8019,8.8577,8.418,8.649,9.782,9.5703,8.4245,8.8276,8.4845,10.3619,9.6526,7.8665,8.1219,10.0537,8.0271,9.404,8.2203,8.8349,8.5722,7.9775,Idiopathic Pulmonary Arterial Hypertension
9.0895,12.8545,8.646,8.4736,9.0069,8.1753,10.7499,10.4121,10.7237,9.1168,12.2404,8.8377,9.1038,10.6531,8.5205,8.1315,9.6625,11.4811,11.8005,8.7696,7.9129,10.195,8.7601,7.8736,10.8319,10.8923,10.4459,8.5411,8.5322,8.1788,9.9851,9.7441,8.5663,9.6842,10.7683,10.2885,9.2539,9.1449,8.2551,11.5956,10.9083,8.1332,8.1248,10.9671,8.2017,10.3753,9.1793,10.236,8.7564,8.1725,Idiopathic Pulmonary Arterial Hypertension
9.5487,12.9544,8.1001,8.2529,8.7578,8.0952,10.9969,10.1617,11.3064,9.0712,12.53,8.7878,8.6649,11.059,8.5555,8.6652,9.6935,11.7989,11.7704,8.9726,7.8539,10.2485,8.9919,8.2699,10.4664,11.1046,10.2717,8.6176,8.5054,8.4116,9.5262,9.657,8.1079,10.2129,11.3732,10.4416,9.4002,9.2334,8.5686,12.338,11.1679,8.2056,8.2568,11.1698,7.9619,10.4261,9.0618,10.39,9.2703,8.3356,Idiopathic Pulmonary Arterial Hypertension
8.6869,12.7137,8.6936,8.3314,8.8848,8.2047,10.5721,10.0153,10.3848,9.1888,11.301,8.8892,8.9899,10.2321,8.3141,7.965,9.3679,11.8069,11.6316,8.4425,7.9018,10.6965,8.6279,7.8277,9.5729,11.6054,9.8061,8.6399,8.464,8.4138,9.9563,9.2104,8.4647,9.742,10.5004,10.4496,9.086,8.446,8.4706,11.8305,10.6266,8.0071,8.0439,10.6293,8.0794,10.0003,8.8748,9.9165,8.5595,7.9896,Idiopathic Pulmonary Arterial Hypertension
8.9398,12.9632,8.6031,8.1436,9.1651,8.021,10.9656,10.639,10.8924,9.2537,12.0482,8.9604,9.0911,11.1082,8.5196,8.5908,9.7788,12.0846,11.793,8.4984,7.8248,10.4663,8.6617,8.0567,10.0186,11.6656,10.7497,8.6095,8.7061,8.5353,9.9184,9.4573,8.4987,10.1465,11.1835,10.9982,9.0094,8.416,8.3113,12.3982,11.242,8.3819,8.1091,11.0843,8.1262,10.811,9.094,10.4493,9.2022,8.7177,Idiopathic Pulmonary Arterial Hypertension
9.0092,12.6877,8.723,8.1434,8.8559,8.0464,10.3438,9.9992,11.0841,9.1257,11.7114,9.0915,8.8665,10.3413,8.7033,8.1258,9.4631,11.2951,11.4496,8.3032,7.749,10.5627,8.5465,7.9658,9.9242,11.037,10.2355,8.6185,8.8623,8.4925,8.9431,9.7755,8.797,9.9674,10.8306,10.9846,8.895,8.5652,8.5358,12.8124,10.4439,8.33,7.922,10.5327,8.1719,10.262,9.13,9.9524,8.7344,8.0228,Idiopathic Pulmonary Arterial Hypertension
8.5951,11.9158,8.0567,8.0838,8.7254,8.1023,10.0012,10.0498,10.7429,9.2519,11.1883,8.5628,9.3941,10.2349,8.069,8.1069,9.2653,11.1226,11.0304,8.5179,7.8574,9.8718,8.3845,7.8208,10.3107,11.03,9.2427,8.3058,8.5991,8.0161,9.6046,9.4777,8.1987,9.0761,10.6117,10.2112,9.639,8.661,8.4367,11.1576,9.9437,8.3667,7.9051,10.5258,8.0702,9.4673,8.8298,9.2835,8.44,8.0333,Idiopathic Pulmonary Arterial Hypertension
8.2528,12.2611,8.4505,8.5078,8.3425,8.2146,9.8655,9.6152,10.4922,9.1452,11.4356,8.3956,9.09,10.0095,8.4742,8.3351,8.9705,11.2176,10.6256,8.4839,7.8897,10.0912,8.4215,7.9748,9.9581,10.2092,9.7501,8.4041,8.4608,7.9894,9.083,9.1477,8.604,9.3032,10.2303,10.1029,8.7477,8.5031,8.2964,11.5413,10.3066,8.1897,7.9909,10.4668,8.4575,10.1023,8.8765,9.3626,8.6454,8.1054,Idiopathic Pulmonary Arterial Hypertension
8.6049,13.028,8.53,8.315,8.5989,7.9859,10.3988,9.9825,10.332,8.6404,11.5343,8.7377,8.8246,10.4678,8.7,8.0494,9.5921,11.3818,11.4535,8.5142,7.798,10.3945,8.5749,7.779,10.5106,11.6303,9.7905,8.4851,8.5738,8.1604,8.9087,9.6029,8.3039,9.7842,10.3997,10.4985,9.9258,9.224,8.4841,11.9714,10.3154,8.2492,7.9813,10.6498,8.1439,10.4403,8.5657,9.8257,8.6365,8.1735,Scleroderma with Pulmonary Arterial Hypertension 
8.5307,12.188,8.7401,7.7081,8.5004,7.9963,10.1077,9.572,10.1111,8.8082,11.1034,8.5272,9.1883,10.1872,8.3172,7.9844,9.2184,11.0399,11.3047,8.2522,7.744,10.179,8.3806,7.58,9.4269,11.0321,9.7414,8.0267,8.2652,8.1822,9.0555,9.1532,8.3913,9.1744,9.9934,10.248,9.4018,8.148,8.2522,12.3142,9.9669,8.2913,7.9709,9.7566,8.0587,10.0813,8.2657,9.2921,8.7068,8.035,Scleroderma with Pulmonary Arterial Hypertension
9.0509,12.701,8.6847,8.1667,8.9444,8.1592,11.2649,10.1328,11.0466,8.9752,12.1286,9.1323,8.9854,10.6757,8.7367,8.7447,9.3212,11.6843,11.3266,8.5977,7.8327,10.3634,9.7396,8.0032,10.8,10.5377,9.6853,8.8647,8.9489,8.2808,9.0736,9.8896,8.1663,9.2208,10.7519,10.8512,8.9553,9.6648,8.4301,11.8921,10.9175,8.281,8.2988,10.5714,8.315,11.3248,8.9608,9.4963,8.9842,8.477,Scleroderma with Pulmonary Arterial Hypertension
9.6893,13.5351,9.2701,8.6255,9.556,8.548,11.9102,10.6642,11.0233,9.7552,13.0904,9.5382,9.8426,11.4051,8.6087,9.2648,10.1333,12.5081,12.4216,8.1405,8.1729,10.822,9.6885,8.2201,8.8898,10.2951,11.4605,8.6091,9.1824,9.4706,9.9953,10.3727,8.4647,10.3653,12.1273,11.6888,8.1563,8.5075,8.9794,13.0751,11.3625,8.5809,9.316,12.2422,9.0553,11.397,9.8557,11.1731,9.1744,8.9441,Scleroderma with Pulmonary Arterial Hypertension
8.7538,11.6342,8.5636,8.0408,8.5041,8.1563,9.3913,9.5657,10.4447,8.9009,11.1077,8.6634,8.6386,9.841,8.3799,8.2923,8.7927,10.7353,10.9584,8.1586,8.0272,9.5105,9.0846,8.0262,8.8661,8.7665,9.7224,8.4685,8.7514,8.2374,8.8119,9.5247,8.6251,8.8463,10.2641,10.2281,8.1976,8.4115,8.7202,10.9287,9.8581,8.235,8.4403,10.3617,8.3447,10.2245,8.765,9.6827,8.6531,8.537,Scleroderma with Pulmonary Arterial Hypertension
8.6807,11.4216,8.3498,8.2394,8.3422,8.0974,9.6989,9.2716,10.2428,8.7932,11.0008,8.6282,8.7486,9.5879,8.516,8.2692,8.7336,10.6279,10.8949,8.1499,8.042,9.3817,8.8272,7.8193,9.1059,9.6032,9.3417,8.5608,8.9959,8.2397,8.6869,9.3203,8.4582,8.6083,10.1686,9.9385,7.9092,8.4622,8.5501,11.3763,9.5533,7.8585,8.2543,9.8106,8.2157,10.2259,8.5681,9.0385,8.6693,8.356,Scleroderma with Pulmonary Arterial Hypertension
8.5547,11.5281,8.5712,7.9089,8.2676,8.2048,9.5591,8.959,9.831,8.791,10.6711,8.2176,8.7454,9.5193,8.3318,7.9984,8.6886,10.52,10.5179,8.191,8.0139,9.4075,8.5964,7.9541,8.885,9.9985,9.3331,8.3884,8.6079,8.0908,8.5164,8.9466,8.6252,8.6211,10.1526,9.51,8.0138,8.2135,8.3927,10.9245,9.3763,7.9278,7.9538,9.7834,8.2348,9.806,8.0943,9.0895,8.4838,8.2691,Scleroderma with Pulmonary Arterial Hypertension
8.9389,13.0306,8.4751,8.2855,9.1511,8.1477,11.1029,10.498,11.3749,9.1933,12.1677,9.1259,9.1981,10.9131,8.7193,8.3935,9.662,11.8723,11.3948,8.3212,7.877,10.7055,9.0826,8.0533,9.9994,11.6167,10.2519,8.7079,8.7266,8.7112,9.0363,9.8749,8.1823,10.2303,11.0855,11.349,8.7131,9.0239,8.5457,11.9562,10.9477,8.5677,8.3602,11.0911,8.3268,10.6508,9.269,10.2648,9.0944,8.4488,Scleroderma with Pulmonary Arterial Hypertension
8.7605,12.7759,8.9198,8.119,9.2096,8.134,10.6299,10.131,10.8874,9.5253,11.7898,9.027,9.2396,10.4638,8.7458,8.1606,9.5025,11.836,11.6144,8.4898,7.8425,10.4596,8.8517,8.1125,9.9815,11.0845,10.0412,8.4769,8.5327,8.2294,9.7854,9.3954,8.8919,9.7964,10.7123,11.0267,8.6601,8.508,8.7606,12.0462,10.6177,8.1818,8.1827,10.7865,8.363,10.3663,9.0871,9.3218,8.7268,8.036,Scleroderma with Pulmonary Arterial Hypertension
8.7001,11.867,8.4934,8.2407,8.8062,8.1862,10.3189,9.5338,10.2479,9.0947,11.3508,8.8206,9.2931,10.5297,8.6599,8.1692,8.9228,10.9378,10.6038,8.1354,7.9505,9.8452,8.7685,7.8205,11.1766,10.2609,9.7902,8.2192,8.5272,8.151,8.8012,9.3006,8.2864,8.9094,10.5062,10.2571,9.3248,10.8533,8.3068,11.6189,9.8835,8.2979,8.0848,10.2168,8.0083,9.9622,9.0345,8.9597,8.4769,8.1287,Scleroderma with Pulmonary Arterial Hypertension
8.8047,12.6723,8.6493,8.2022,8.7877,8.0321,10.7535,10.383,11.1074,9.0871,12.1122,9.2212,9.0352,10.4128,8.5266,8.2814,9.3421,11.8482,11.6514,8.377,7.9479,10.2911,8.7481,8.0732,10.3443,11.4038,10.3399,8.4253,8.6468,8.2314,9.68,9.7287,8.971,10.1223,10.8655,11.2898,8.5441,9.1661,8.3074,12.5128,10.7559,7.992,7.9816,10.9396,8.1285,10.3506,9.45,10.1757,8.843,8.0888,Scleroderma with Pulmonary Arterial Hypertension
8.3613,12.2745,8.3687,8.3017,8.5949,8.0064,10.3815,9.8222,9.7449,8.8618,11.0749,8.471,8.6623,10.4273,8.4189,8.0671,8.9647,10.9343,11.0662,8.5194,7.7304,10.1587,8.5263,7.7158,10.3895,10.9337,9.8764,8.1949,8.3275,8.0567,8.7975,9.3753,8.2925,8.8242,10.3481,9.682,9.6528,8.8062,8.2592,11.7227,10.1748,8.0716,8.002,10.6156,7.9152,10.0775,8.5735,9.4138,8.5833,7.7856,Scleroderma with Pulmonary Arterial Hypertension
8.8792,11.907,8.5624,7.8712,8.9669,8.1302,9.7782,9.5304,10.0845,9.0172,11.0537,8.8275,8.9845,9.9689,8.4294,8.0403,8.9855,10.9365,10.6056,8.0902,7.6298,10.073,8.3635,7.7337,9.6979,10.4088,9.3697,8.33,8.5038,8.2072,9.2984,9.0789,8.3455,9.2362,10.0231,9.6835,8.8051,9.4125,8.853,11.0426,9.9306,7.9129,7.9948,9.9666,7.8624,9.9282,8.5068,9.5746,8.3954,8.1078,Scleroderma with Pulmonary Arterial Hypertension
8.435,12.5662,8.8118,8.3697,8.8059,8.0693,10.5218,10.6077,10.679,8.9093,11.9811,8.6028,9.3902,10.5149,8.9231,8.4875,9.8471,11.3674,11.6017,8.548,7.9145,10.7831,8.5162,7.8584,10.3302,10.3504,10.5963,8.3795,9.0341,8.348,9.1072,9.3975,8.6417,9.8708,10.6325,10.8895,9.1351,8.9997,8.326,11.7262,10.8273,8.1892,8.0557,10.9164,8.1689,10.5681,8.8489,9.615,9.2797,8.2001,Scleroderma with Pulmonary Arterial Hypertension
8.3512,11.7222,8.3862,8.1742,8.5238,8.0661,9.5468,9.2394,10.0892,8.9322,11.2175,8.3964,8.6305,10.3512,8.0626,8.2251,8.7715,10.9524,10.5358,8.5261,7.9753,9.8016,8.2114,7.8316,10.2511,10.259,9.3876,8.2084,8.4645,8.0868,9.2728,9.2287,8.4815,9.2916,10.0857,10.0102,9.1023,9.1965,8.1898,11.0931,9.7669,8.009,7.6186,10.0878,7.8956,9.5758,8.5157,9.4475,8.5537,8.0109,Scleroderma with Pulmonary Arterial Hypertension
8.711,12.6312,8.5938,8.1237,8.8414,8.0885,10.2734,9.7193,10.3484,9.4002,11.5419,8.741,8.9762,10.2515,8.4887,8.2138,9.2134,11.5347,11.2928,8.5407,7.7228,10.0135,8.3904,7.9751,9.7783,10.7063,9.7687,8.2456,8.5753,8.4242,9.5934,9.6697,8.6674,9.3966,10.3511,10.522,9.0015,8.7046,8.491,11.8663,10.2023,8.1005,7.9871,10.5468,8.0461,10.4751,8.9083,9.5687,8.6732,8.0053,Scleroderma with Pulmonary Arterial Hypertension
8.4656,11.3977,8.3402,8.0762,9.0549,8.133,9.2385,9.022,9.4069,9.4412,10.6041,8.5469,9.3879,8.8607,8.5241,8.0221,8.6989,10.3096,10.3098,8.1239,7.859,9.3866,8.1462,7.8795,8.9694,9.3602,8.4544,8.5214,8.7371,8.0525,9.0628,8.9817,8.3216,8.5504,9.2143,9.0456,7.9626,8.25,8.9221,9.6341,9.0518,7.9523,7.8596,9.3681,8.2305,9.8487,8.4237,8.3207,8.4437,8.3352,Scleroderma with Pulmonary Arterial Hypertension
8.7397,12.3947,8.6082,8.6109,8.8727,8.252,10.0031,10.4243,10.9713,9.5065,11.4764,8.6996,8.9236,9.9887,8.572,8.3079,9.6085,11.6229,11.3115,8.4326,7.938,10.4031,9.2231,7.8001,10.6042,11.2079,10.0462,8.5236,8.74,8.511,9.5488,9.357,8.2838,9.6297,10.5358,10.4256,8.4515,8.6437,8.5116,11.737,10.3579,8.1063,8.0076,10.6732,7.8924,10.7217,8.6708,9.5608,8.8748,8.1693,Scleroderma with Pulmonary Arterial Hypertension
8.8533,12.5285,9.0322,8.1256,8.9766,8.0636,10.9877,10.3503,11.394,9.8079,12.6579,9.1092,9.0767,11.0909,8.8153,8.7857,9.7509,11.9341,11.4975,8.7044,8.1139,10.3499,8.8674,7.9512,11.3709,11.3923,10.5874,8.5318,8.8795,8.3725,9.9279,9.9916,8.6596,9.938,11.1685,11.0037,9.4746,10.5547,8.7857,12.7646,11.1864,8.5785,8.0535,11.217,7.9894,10.533,9.2268,10.0253,8.9309,8.3106,Scleroderma with Pulmonary Arterial Hypertension
8.7346,12.8406,9.2203,8.2509,9.2609,8.3239,11.0757,10.3749,11.3772,9.7481,12.2977,9.1845,9.1972,10.92,8.789,8.6891,9.6812,11.844,11.7591,8.468,7.9808,10.6874,9.4669,7.8724,10.603,11.3381,10.4076,8.4218,8.7673,8.4128,9.8428,9.6764,8.8277,10.0918,10.7952,10.7951,8.5436,9.4078,8.258,12.5121,11.1903,8.4091,8.433,10.8004,8.6349,10.7699,9.2566,10.0258,9.2785,8.5172,Scleroderma with Pulmonary Arterial Hypertension
8.8829,13.4903,9.1894,8.6117,9.513,8.3705,11.0483,10.8944,11.7041,10.1687,12.5677,9.2785,9.5359,10.6129,9.0231,8.574,10.1527,12.0739,11.6444,8.1377,7.8977,10.9978,9.4946,8.0072,9.737,10.991,10.8628,8.7597,9.0211,8.7584,10.1691,10.1827,8.8085,10.1222,11.4515,11.4837,8.0454,8.6507,8.9138,13.0106,11.4095,8.4994,8.6741,11.5725,8.4486,11.362,9.5537,9.6062,9.2423,8.2858,Scleroderma with Pulmonary Arterial Hypertension
8.7147,11.7601,8.2156,8.1213,8.6183,8.1395,10.1333,9.3658,9.8487,8.4996,11.2125,8.5863,8.4548,10.4978,8.4322,8.231,8.6792,11.2276,10.4999,8.647,7.8477,9.5845,8.385,7.9274,11.8408,10.6962,9.7997,8.1096,8.2888,8.1494,8.7751,9.0923,8.1837,9.2008,10.6777,10.3063,9.6779,10.4987,8.0133,11.7959,10.0556,8.2172,7.8648,10.0239,8.1091,9.4628,8.824,9.4851,8.7296,8.1703,Scleroderma with Pulmonary Arterial Hypertension
8.6373,13.4908,8.8249,8.477,8.8617,8.2293,11.3912,10.1064,10.6557,8.8682,12.5434,9.5101,9.2581,11.4426,8.8125,8.5634,9.3416,12.0115,11.8775,8.2263,7.9581,10.1123,9.371,8.1101,10.6083,11.2177,10.4524,8.4037,9.2279,8.1277,9.6306,10.2201,8.4165,9.7553,11.5974,11.2741,8.8631,9.577,8.5639,13.225,11.1107,8.0463,8.3379,11.4908,8.2977,10.7185,9.4683,10.2442,9.0671,8.5523,Scleroderma with Pulmonary Arterial Hypertension
8.9805,11.8529,8.5809,8.2292,8.498,8.0782,9.9648,8.7348,10.5043,8.4563,11.032,8.8196,8.448,10.4791,8.512,8.3516,9.1058,10.6952,10.8966,8.0899,7.9676,9.4801,8.4453,7.9453,9.2511,9.4551,9.4445,8.4096,8.9653,8.3338,8.9625,9.3463,8.5554,8.9918,10.5675,9.9065,8.6749,9.4545,8.5569,12.0368,9.6117,7.9326,8.1597,10.3649,8.1475,9.9395,8.6801,9.3974,8.4367,8.5231,Scleroderma with Pulmonary Arterial Hypertension
8.84,13.5264,9.5251,8.6199,9.1588,8.2411,11.03,10.1662,11.3889,9.5384,12.535,9.3337,9.5332,11.4261,8.7992,8.5409,9.9658,11.8702,12.2726,7.9541,7.9709,10.2197,9.1986,7.9093,9.2154,9.9012,11.0928,8.5684,9.2767,9.0169,9.8976,10.1274,9.1234,10.1745,11.9265,11.8171,8.5523,9.5923,8.9647,13.3791,10.9123,8.2707,8.4458,11.7776,8.6309,11.2856,9.3669,10.0676,9.2404,8.7156,Scleroderma with Pulmonary Arterial Hypertension
9.003,12.3436,8.2434,8.1831,8.7125,7.9819,10.3812,9.6671,10.8816,9.0956,11.3307,8.794,8.7791,10.3367,8.298,8.3376,9.2429,11.2371,11.34,8.9067,7.9146,10.2219,8.6652,7.8818,11.416,11.118,9.6156,8.0974,8.5701,8.3686,9.3021,9.0961,8.5416,9.4066,10.5743,10.2312,9.9456,10.1614,8.3366,11.0274,10.3518,8.3651,8.0815,10.8583,7.9377,10.0536,8.7778,9.3195,8.6493,8.1647,Scleroderma with Pulmonary Arterial Hypertension
8.6239,12.3754,8.2197,8.231,8.6011,7.9269,10.2578,10.1226,11.0951,8.8256,11.4416,8.6616,8.852,10.5184,8.5325,8.1834,9.4477,11.3946,11.3123,8.7985,8.0072,10.6979,8.9917,8.1326,10.9827,11.5356,9.7529,8.3931,8.4854,8.2041,9.0594,9.1797,8.2399,9.3978,10.5079,10.438,9.0893,10.0767,8.1238,11.7699,10.3376,8.2685,8.1084,10.5552,8.0185,9.9239,8.844,9.5474,8.7233,8.4549,Scleroderma with Pulmonary Arterial Hypertension
9.2617,12.9814,8.905,8.2004,8.9864,8.0876,11.0602,10.6926,11.3036,9.189,12.2493,8.9801,9.0297,10.958,8.5632,8.5318,9.7558,12.1369,11.5914,8.6238,7.8826,10.7186,9.1308,8.0403,10.3879,11.6421,10.6694,8.5304,8.7097,8.5104,9.2499,9.8133,8.1419,10.3553,10.9698,11.298,8.5924,8.5859,8.4073,11.92,11.1791,8.5266,8.3094,11.386,7.8971,10.4609,9.0874,10.5016,9.1805,8.3727,Scleroderma with Pulmonary Arterial Hypertension
8.4507,12.7378,8.5914,8.076,8.9701,8.061,10.8983,10.476,11.319,9.0875,11.842,9.0266,8.8435,10.3045,8.5911,8.2358,9.5055,11.5907,11.4798,8.4393,8.0316,10.5801,9.1866,7.9028,11.0739,12.4018,10.0187,8.4483,8.6913,8.3389,9.07,9.5793,8.5501,9.6029,10.8135,11.1205,9.352,8.9683,8.6741,11.5438,10.9199,8.4794,8.1394,11.0388,8.398,10.5804,9.0717,9.7959,9.1188,8.5181,Scleroderma with Pulmonary Arterial Hypertension
8.9053,12.5236,8.797,8.2507,8.7109,8.1848,10.2934,10.0272,11.013,9.1758,11.7014,8.3906,8.9501,10.1934,8.4887,8.399,9.359,11.589,11.3771,8.7635,7.9207,10.4006,8.5738,7.8723,9.9987,11.4859,10.2004,8.3654,8.6578,8.6117,9.6179,9.6956,8.5078,9.888,10.7854,10.8006,9.2552,8.8681,8.3441,11.7962,10.7265,8.0392,7.9786,10.7716,7.9819,9.9322,9.2269,9.7357,8.6957,8.2478,Scleroderma with Pulmonary Arterial Hypertension
8.7579,12.3778,8.2624,8.1484,8.3542,8.0639,9.8973,9.635,10.2269,8.9909,11.1486,8.5587,8.6579,9.8414,8.1172,7.8509,8.9446,11.4086,11.0596,8.6627,8.0162,9.9522,8.4394,7.7264,10.2635,10.8867,9.778,8.1963,8.5541,8.1488,9.3113,9.075,8.4584,9.2124,9.9873,10.2159,9.264,9.0815,8.2323,11.0975,10.0429,8.3159,7.9833,10.1286,8.1137,9.9367,8.7461,9.3152,8.5618,8.1602,Scleroderma with Pulmonary Arterial Hypertension
8.9249,12.9228,8.6088,8.3258,8.8468,8.0449,11.0288,10.4101,10.113,8.5919,11.7536,8.7901,9.3191,10.8291,8.4791,7.9946,8.8839,11.6896,11.4102,8.5332,7.7207,10.5525,8.4713,7.8718,10.7674,11.6184,10.2034,8.5189,8.3026,8.3474,9.1923,9.3037,8.685,9.4115,10.5938,10.8306,9.5249,9.2644,8.7033,12.4172,10.8124,7.9764,8.0958,11.0255,8.1576,10.1043,8.8477,10.0435,8.6454,8.0002,Scleroderma with Pulmonary Arterial Hypertension
8.4269,11.6239,8.4275,7.9508,8.35,8.0485,9.6145,9.0416,9.5426,8.4192,10.6151,8.4824,8.8712,9.4495,8.2215,8.0248,8.6649,10.6462,10.4518,8.1691,7.8836,9.5267,7.9715,7.7533,9.0534,9.7958,9.3789,8.3623,8.5587,8.0786,8.5391,8.8766,8.6154,8.7376,9.7048,9.6982,8.7923,8.4402,8.3245,11.0295,9.5673,7.9529,7.8174,9.5448,8.2645,9.576,8.2214,8.9794,8.3736,8.2365,Scleroderma with Pulmonary Arterial Hypertension
8.5968,13.0177,8.693,8.6448,8.9287,8.1282,10.9091,10.299,10.6365,9.0581,11.7573,8.7784,8.9782,10.5669,8.3718,8.2621,9.8947,11.7068,11.3443,8.5395,7.9495,9.8584,8.8559,7.9881,9.6717,10.8805,9.9302,8.3984,8.4952,8.422,9.421,9.2317,8.4466,9.4732,10.8146,10.5139,8.3362,8.5686,8.3576,11.8741,10.7515,8.3501,8.2742,11.136,8.2099,10.1479,8.8322,9.1185,8.4563,8.1158,Scleroderma with Pulmonary Arterial Hypertension
8.4501,12.9758,8.724,8.1222,8.9712,8.1202,10.6312,10.1502,10.5209,9.2015,11.4775,8.8631,9.0299,10.0939,8.4313,8.0048,9.6409,11.7931,11.5725,8.2832,7.8463,10.2376,8.9709,7.7884,9.4967,10.4085,9.7915,8.569,8.6092,8.2513,9.6534,8.9149,8.5722,9.5425,10.498,10.4109,8.4324,8.4495,8.5321,11.9054,10.6606,7.9165,8.2109,10.6377,7.9908,10.4108,8.5714,9.6184,8.4738,8.0298,Scleroderma with Pulmonary Arterial Hypertension
8.5298,12.7834,8.6409,8.2658,9.0369,8.1733,10.6405,10.0028,10.6918,9.3658,11.5248,8.8681,8.6451,9.9677,8.8194,7.9953,9.4481,11.8938,11.5807,8.5457,8.0298,10.5703,8.6741,7.8574,10.2003,11.6168,10.272,8.5352,8.6386,8.3925,9.5291,9.3437,8.2867,9.9393,10.9576,10.4118,9.1966,8.7924,8.3753,10.6892,10.5042,7.8664,7.845,10.7698,8.2014,9.8445,8.7082,10.4841,8.7246,8.1564,Scleroderma with Pulmonary Arterial Hypertension
8.6997,12.5089,8.5019,8.1678,8.677,8.0613,10.5866,9.8643,10.7208,8.9608,11.4409,8.6317,8.7551,10.2542,8.4712,8.1317,9.3453,11.51,11.2146,8.4005,7.8995,10.1121,8.7546,7.8091,10.7979,11.4652,9.7403,8.2734,8.3943,8.1451,9.4663,9.2323,8.3509,9.6216,10.667,10.1172,9.5583,11.2018,8.1796,11.1726,10.5097,8.0777,7.8921,10.682,8.1822,10.172,8.8333,9.4449,8.7065,8.2208,Scleroderma with Pulmonary Arterial Hypertension
8.3165,11.7171,8.2363,8.0663,8.3069,7.9854,9.3023,9.0428,9.4511,8.3699,10.5097,8.361,8.641,9.4214,7.9721,7.9015,8.8903,10.3391,10.304,8.1479,7.7227,9.4728,8.1305,7.8019,9.0236,9.8604,9.055,8.1349,8.4723,8.1132,8.6024,8.9311,8.0166,8.8354,9.6551,9.4608,8.4143,8.1518,8.2157,10.9152,9.3405,7.8837,7.7628,9.6072,8.0131,9.7251,8.4942,8.7436,8.2831,8.1909,Scleroderma with Pulmonary Arterial Hypertension
8.485,11.873,8.2694,8.1423,8.4624,8.0063,9.6988,9.4649,9.7903,8.2871,11.3252,8.8388,8.7135,9.8853,8.3444,8.1283,8.8992,10.8797,10.8049,8.2298,7.882,10.0339,8.5077,7.7155,10.1011,10.8342,9.6897,8.6421,8.7304,8.0801,8.646,9.3395,8.6223,9.5035,10.0309,10.2351,8.699,8.3505,8.3841,11.4148,9.799,8.0535,7.9786,10.2187,8.2729,10.0339,8.5883,9.467,8.6497,8.1212,Scleroderma with Pulmonary Arterial Hypertension
8.2575,9.5706,7.9651,7.8492,8.0494,8.0968,8.2474,8.4951,8.5563,8.1207,8.8685,8.05,8.3285,10.0532,8.1379,7.9421,7.9086,8.5511,8.6041,8.1143,7.9858,8.4785,8.0019,7.8203,8.3729,8.8076,8.0533,8.2073,8.515,7.8802,8.4938,8.3387,8.4205,7.7282,9.0183,8.4966,8.0416,8.2318,8.4036,9.2624,8.2324,7.7725,7.8989,9.0396,8.0975,8.6922,7.8524,8.039,8.2609,8.1433,Scleroderma with Pulmonary Arterial Hypertension
8.7949,12.5605,8.382,8.5511,8.8394,8.1057,10.6855,9.9647,10.3809,8.9382,11.5594,8.6956,8.7505,10.8131,8.7584,8.2449,9.1023,11.5052,11.2285,8.6101,7.8886,10.2284,9.032,8.0748,10.403,11.8551,10.0309,8.0721,8.375,8.2049,9.1067,9.41,8.1805,10.0605,10.4334,10.5724,9.3043,8.7048,8.3451,11.5366,10.5401,8.2216,8.0761,11.0272,8.0505,10.2587,9.2362,10.0046,8.9792,8.1268,Scleroderma with Pulmonary Arterial Hypertension
8.7078,12.6111,8.6764,8.4548,8.6769,8.3455,10.4212,9.9059,10.7208,9.1835,11.7208,8.7483,8.6978,10.222,8.6443,8.1002,9.3577,11.3549,11.1886,8.2046,7.8865,10.2556,8.6301,8.001,9.5037,10.6718,9.7636,8.5226,8.535,8.2288,8.7458,9.3599,8.5619,9.561,10.7828,10.6365,8.6205,8.7152,8.3173,11.7113,10.3726,8.2684,8.1505,10.5917,8.392,10.2076,8.699,9.0896,8.6513,8.2739,Scleroderma with Pulmonary Arterial Hypertension
8.399,11.9424,8.3818,8.1029,8.3777,8.1238,9.6333,9.035,9.8199,9.0464,10.602,8.3865,8.5705,9.3924,8.3373,8.101,9.0097,10.6936,10.1187,8.0902,7.8068,9.261,8.214,7.8956,8.2501,9.5473,9.0344,8.5336,8.6841,7.9403,8.8817,8.9387,8.5832,8.7008,10.0698,9.686,8.027,8.0926,8.5146,10.5022,9.4606,7.8951,8.1291,10.0467,8.1481,10.1655,8.4864,8.6757,8.4567,8.1804,Scleroderma only
8.5195,11.9538,8.4254,7.9559,8.5219,8.1107,9.7101,9.6157,10.4024,8.948,11.1056,8.5641,8.6769,9.7065,8.4192,8.2302,9.332,10.8292,10.409,8.1576,7.9674,9.7544,8.6361,7.7841,8.5469,9.749,9.5707,8.5996,8.8446,8.1527,9.0096,9.2378,8.7628,9.2147,10.1279,10.223,8.0253,8.2621,8.5545,11.1482,10.0035,8.1338,8.1761,10.1212,8.1403,10.1424,8.6301,8.9884,8.7426,8.2647,Scleroderma only
8.3456,11.6365,8.2663,7.9203,8.4189,8.1454,9.4074,8.9444,9.8268,8.8145,10.4691,8.4176,8.3855,9.3055,8.312,8.0755,8.6979,10.7446,10.0966,8.2615,7.9311,9.2602,8.2553,7.8303,9.0871,10.1202,8.8046,8.3992,8.6954,8.1064,8.9917,8.8465,8.3542,8.6498,9.9284,9.6334,8.2351,8.2673,8.3518,9.9012,9.5715,8.0717,8.0396,10.049,8.1287,9.7885,8.3288,8.7143,8.394,8.2466,Scleroderma only
9.1965,13.1248,9.3206,8.1239,9.3618,8.2511,11.1289,10.6212,11.6521,10.1244,12.5956,9.0226,9.2513,10.5999,8.9134,8.6629,9.9938,12.0173,11.6479,8.1932,7.9622,10.4587,9.3754,8.0511,9.8369,10.7439,11.1026,8.8596,8.2752,8.6106,9.8148,9.8515,9.0184,9.7401,11.0223,11.0575,8.1821,8.8898,8.6194,12.445,11.1506,8.4591,8.4495,11.2096,8.4811,10.6458,9.1441,9.7254,9.0434,8.1945,Scleroderma only
8.863,13.0774,9.1807,8.2152,9.2531,8.2653,11.1296,10.6211,11.4096,9.8186,12.6069,8.9882,9.4667,10.9507,8.675,8.6487,9.9516,12.214,11.8147,8.2946,7.8062,10.8356,9.0996,8.0923,9.921,11.4236,10.7741,8.6313,8.4233,8.3665,9.8664,9.6101,8.9682,10.4016,11.0544,11.3808,8.3272,8.7973,8.7214,12.9385,10.9974,8.6912,8.1941,10.7325,8.3332,10.6055,9.3643,10.1224,9.016,8.2065,Scleroderma only
9.6921,13.4413,9.2049,8.4149,9.2323,8.2798,11.2193,10.2925,11.1369,9.0835,12.3138,9.2788,9.2352,11.2727,8.6987,8.7792,10.0828,12.2367,12.1935,8.0664,7.9514,10.4198,9.2272,8.1959,9.1372,10.0503,10.5085,8.6059,9.2259,8.8248,9.6487,9.7524,8.6668,10.2691,11.9941,11.2918,8.1775,8.1665,8.8398,12.8692,11.0473,8.1695,8.5809,11.7578,8.7699,11.3335,9.4078,10.4062,9.0698,8.8656,Scleroderma only
10.4107,13.0349,9.3621,8.1508,9.2737,8.3679,10.8283,10.2513,11.4261,9.4672,12.3775,9.5312,9.1045,11.399,8.9158,8.9459,9.9538,12.177,12.3182,8.0414,8.0919,10.239,9.2291,7.9274,10.8259,9.7251,10.4978,8.8216,9.1337,8.5203,9.851,10.0943,8.3674,9.827,11.8617,11.3892,8.8712,9.2935,8.8366,12.8831,10.8963,8.4801,8.5405,11.5436,8.1595,10.8148,9.7199,9.8648,8.9374,9.1095,Scleroderma only
10.1721,13.1564,9.0062,8.3462,9.3684,8.5101,11.3209,10.5106,11.7287,9.9129,12.6959,9.2898,9.1719,11.0788,8.9294,9.2875,10.0702,12.4469,12.3674,7.9768,7.9812,10.5353,9.6461,8.1581,9.1298,10.6013,10.8916,8.6954,9.4404,8.8895,10.3263,10.2514,8.6775,10.2996,11.7607,11.5174,8.1283,8.3951,8.9225,12.8012,11.1806,8.6314,8.8712,11.4028,8.5946,11.1085,9.4962,10.6888,9.0606,8.8095,Scleroderma only
9.0898,13.6905,9.2181,8.1532,8.9194,8.1514,11.5437,10.1642,11.4126,9.147,12.354,9.6825,9.4031,11.0307,8.8434,8.9111,9.88,12.0997,11.7534,8.3979,7.9282,10.7213,9.0455,8.0668,10.1389,10.4907,10.0581,8.7509,8.8898,8.619,9.7037,9.9875,8.7072,9.8084,11.9698,11.0898,8.5158,8.8791,8.8,12.4586,11.2795,8.341,8.107,11.2697,8.383,11.0509,9.5787,9.4819,9.0423,8.8525,Scleroderma only
8.8242,12.3386,8.8602,8.4172,8.6624,8.1678,9.9951,9.66,10.9538,9.2697,11.5412,9.0447,8.8224,10.2375,8.3839,8.1596,9.0755,11.4493,11.2431,8.6148,7.8481,10.2069,8.7074,7.8702,10.183,10.9201,9.9558,8.5313,8.6139,8.3464,9.3084,9.3491,8.4517,9.7785,10.6791,10.8954,8.4066,9.3028,8.3951,11.4098,10.4829,8.0131,8.3054,10.3435,8.0586,10.3828,9.1923,9.3844,8.7418,8.2483,Scleroderma only
9.0001,13.3053,9.3558,8.4387,9.0029,8.1032,11.5948,10.4899,11.3351,9.7421,12.3144,9.1282,8.9897,11.1399,8.6459,8.5724,9.9633,11.8887,12.0468,8.4247,8.0765,10.8264,9.6916,7.951,9.8741,10.6544,11.0611,8.9512,8.7881,8.4847,9.6355,9.9229,8.6924,9.9579,11.1903,11.3253,9.1684,8.321,8.582,12.566,11.2979,8.1401,8.8734,11.6151,8.4352,11.1545,9.3699,9.8875,9.3272,8.415,Scleroderma only
8.4041,11.8266,8.5323,8.0885,8.3422,8.1116,9.6883,9.2072,10.0699,8.8103,10.6784,8.4759,8.435,9.7111,8.1123,8.0614,9.2666,10.8568,10.9941,8.2389,7.8683,9.5832,8.3687,7.9018,8.6554,9.6286,9.7405,8.3517,8.7118,8.0364,8.8778,8.9181,8.499,9.4739,10.2957,9.9985,8.0079,8.15,8.4133,10.6631,10.0047,8.0306,8.0864,10.2485,8.0845,10.0726,8.2421,8.882,8.708,8.392,Scleroderma only
9.0849,12.8711,8.9317,8.4175,8.9481,8.236,11.1408,10.1747,11.1099,8.99,12.1487,8.8824,8.4015,10.6657,8.8196,8.5637,9.432,11.7646,11.5225,8.5451,7.8882,10.1107,9.1946,7.8011,11.0819,10.7446,10.265,8.4307,8.8821,8.5832,9.2779,9.3718,8.2227,9.3549,11.052,10.7843,8.4824,9.3221,8.5084,11.5612,10.865,8.2264,8.2995,10.833,8.0737,10.7201,9.0863,9.7137,8.796,8.0257,Scleroderma only
8.552,11.8493,8.5437,8.1238,8.4033,8.088,9.644,9.5084,10.1936,8.6852,11.3401,8.6453,8.6141,9.9022,8.3635,8.1597,9.0139,10.8362,10.5855,8.3206,7.8994,9.7595,8.2702,7.9044,9.2261,10.0506,9.685,8.6113,8.6755,8.0533,8.8981,9.2182,8.7411,8.9702,10.2979,10.0875,8.1452,8.4586,8.3484,11.2932,10.0747,8.016,7.992,9.8337,8.1885,10.0134,8.6979,9.2025,8.6466,8.4129,Scleroderma only
8.597,12.1464,8.3574,7.9123,8.2333,8.0771,9.6294,9.4246,9.9955,8.4228,10.8413,8.4724,8.7622,9.3139,8.2628,8.0426,9.1146,10.8088,10.5462,8.3578,8.007,9.5814,8.2468,7.8067,8.9537,9.3609,9.2682,8.6327,8.4655,8.1466,8.6555,9.0102,8.7963,8.7488,9.7564,9.915,8.1116,8.397,8.5074,10.6893,9.891,8.192,8.0664,9.6672,8.1115,9.9353,8.2902,8.6844,8.5248,8.0634,Scleroderma only
8.8572,13.1027,9.0177,8.2595,8.9959,7.9058,10.4488,10.2196,10.2042,9.1204,11.7296,8.9163,9.5449,10.541,8.5443,8.0781,9.6224,11.863,11.5814,8.3727,7.8216,10.577,8.5323,7.9556,10.1617,11.1603,9.7803,8.4809,8.661,8.105,9.4672,9.1482,8.4877,10.0551,10.7161,10.7074,9.2574,9.0144,8.5225,11.8353,10.7014,8.2575,7.9376,10.5468,8.3757,10.401,8.9532,9.5848,8.5709,8.2934,Scleroderma only
8.9762,12.785,9.0155,8.1874,9.0595,7.8628,11.0099,10.4373,11.0737,9.2612,11.9964,9.0421,9.0095,11.0379,8.7567,8.4952,9.8037,11.9961,11.5383,8.7048,7.9583,10.5462,9.0075,7.8627,10.4149,11.5212,10.2057,8.2706,8.577,8.4033,9.3808,9.7564,8.1815,9.9732,11.3127,10.657,8.4083,8.714,8.336,11.9556,11.2817,8.13,8.1419,10.9255,8.22,10.7285,9.2228,9.9518,8.7597,8.3978,Scleroderma only
8.7228,12.8303,8.8492,8.3474,8.909,8.1538,10.7438,10.6163,11.0792,8.6595,11.8683,8.8601,9.1682,10.505,8.5442,8.1657,9.4025,11.6811,11.5252,8.5116,7.6617,10.7172,8.6368,7.9216,11.2074,11.8231,9.9345,8.6746,8.4669,8.3013,9.2102,9.6889,8.3769,9.9784,10.7447,11.0785,9.397,9.5767,8.4411,12.3109,10.6739,8.4569,8.1664,10.674,8.3324,10.5038,8.9275,9.7955,8.8237,8.2189,Scleroderma only
8.6032,12.6447,8.3414,8.4907,8.8115,8.0198,10.1453,10.2215,11.0612,8.6756,11.5273,8.9574,8.9222,10.301,8.6129,8.3638,9.4445,11.4913,11.5001,8.7603,7.709,10.4226,8.9519,7.8744,10.9163,11.7773,10.0309,8.4811,8.4358,8.2395,9.0939,9.5547,8.3769,9.3373,10.7095,10.7089,8.8698,8.8799,8.4977,11.2527,10.4646,8.2395,8.2155,10.5779,8.1359,10.3469,9.1852,9.4904,9.0735,8.101,Scleroderma only
9.7173,12.7135,8.9181,8.0758,9.188,8.3272,10.8837,10.2398,11.3116,9.4105,12.3387,8.7057,8.9516,11.4777,8.7,9.0678,9.7726,12.162,12.298,8.8631,7.9745,10.5011,9.6766,8.1324,11.1873,10.3599,10.7731,8.9092,9.0289,8.3999,10.0827,9.8221,8.1563,9.644,11.409,10.9841,9.049,9.7712,8.4832,13.052,10.871,8.5419,8.4092,11.1608,8.0468,10.7357,9.2442,10.4517,9.2328,8.504,Interstitial Lung Disease
8.3597,11.9684,8.1683,8.1548,8.3871,8.1507,10.1093,9.5838,9.9718,8.6911,10.9999,8.413,8.5777,10.0392,8.3412,7.928,8.894,10.8622,10.9662,8.8031,7.8243,9.7598,8.4607,7.7438,10.2311,11.0528,9.511,8.2914,8.3252,8.0982,9.0511,9.0063,8.1423,8.9616,9.9597,9.6667,9.2549,8.7885,8.6226,10.9297,9.8007,8.0888,8.1759,10.3062,8.0213,9.9414,8.3168,9.6292,8.4309,7.8231,Interstitial Lung Disease
8.5234,12.1133,8.6507,8.3515,8.4539,8.197,9.7929,9.2213,9.9314,8.9874,10.6377,8.5786,8.5356,9.5315,8.1997,7.9787,8.8527,11.0253,10.7568,8.6307,8.0781,9.986,8.5001,7.5603,10.4098,10.4465,9.1317,8.1083,8.4725,8.0851,9.4097,8.9371,8.2514,8.7722,10.0588,9.6435,9.4731,8.7405,8.3248,10.7738,9.763,7.86,7.8846,10.1158,8.0609,9.9278,8.5941,8.965,8.1081,7.8787,Interstitial Lung Disease
9.2786,10.9648,7.9644,8.1298,8.6989,8.2326,9.9739,9.7415,9.9245,9.2402,10.7583,8.3892,8.1842,9.9621,8.2272,8.4789,8.9666,10.7909,10.5968,8.1894,7.7815,9.4954,8.4812,8.0893,11.8365,9.6797,9.7187,8.0767,8.6776,7.95,9.1522,8.7972,8.0069,8.7849,10.1283,10.2309,9.2268,11.2924,8.2734,11.3234,9.8371,8.0319,8.0985,9.9018,7.7588,9.6276,8.5739,9.1495,8.4559,8.0138,Interstitial Lung Disease
8.2873,11.2607,8.2338,7.8227,8.15,7.9924,9.8069,9.2356,10.2475,8.2981,10.7652,8.3044,8.2636,9.668,8.217,8.0825,8.8132,10.2874,10.2018,8.9261,7.9596,9.1934,8.3973,7.7375,10.4954,9.5826,9.2873,8.0083,8.5571,8.1663,8.9848,8.6892,7.9505,8.5122,9.6759,9.4871,9.1311,8.3447,8.0801,10.3535,9.9926,7.9122,7.9038,9.9385,7.7992,9.7684,8.4622,8.7448,8.428,8.1102,Interstitial Lung Disease
8.8372,12.3504,8.5636,8.5389,8.891,8.1426,10.4966,9.8107,10.3319,8.7063,11.6558,8.4905,8.9847,10.8029,8.267,8.1587,9.3575,11.7454,11.3468,8.5719,7.9647,10.1461,8.3397,7.7463,10.6925,11.5966,10.0298,8.1625,8.6988,7.9624,9.1079,8.9368,8.1646,9.8709,11.1395,10.4984,9.5294,9.7305,8.3302,10.9084,10.1482,8.1685,7.8428,10.9261,8.2241,9.8245,8.6638,10.3865,8.2731,8.4468,Interstitial Lung Disease
8.6568,12.3911,8.5323,8.4399,8.3938,8.1391,10.0102,9.5143,10.0989,8.6219,11.3679,8.9954,8.4957,9.9576,8.4407,8.1067,9.0705,11.0215,11.2526,8.217,7.866,9.7969,8.8923,7.9964,8.8727,8.7983,10.0166,8.4651,8.9877,8.5016,9.081,9.5849,8.785,9.2911,10.7108,10.5958,8.1645,8.3283,8.5244,12.4128,10.011,8.1268,8.1281,10.9536,8.3666,10.3925,8.9272,9.5791,8.8235,8.5059,Interstitial Lung Disease
8.5778,12.9865,8.5553,8.0725,8.8267,8.1378,10.4954,10.0925,10.4364,9.1076,11.1895,8.8451,9.3568,10.5062,8.4485,8.0858,9.732,11.8093,11.7483,8.7006,7.8017,10.1708,8.8103,8.013,11.375,11.5557,10.3012,8.3245,8.4535,8.1409,9.5531,9.1142,8.5105,9.8009,10.6637,10.403,10.0586,9.7609,8.4854,12.0626,10.7669,7.9458,8.0922,10.8405,8.1955,10.482,8.6654,9.7838,8.6478,8.0427,Interstitial Lung Disease
